<?xml version="1.0" encoding="UTF-8"?>
<config xmlns="http://www.knime.org/2008/09/XMLConfig" xmlns:xsi="http://www.w3.org/2001/XMLSchema-instance" xsi:schemaLocation="http://www.knime.org/2008/09/XMLConfig http://www.knime.org/XMLConfig_2008_09.xsd" key="MiningSchema">
<config key="learning">
<entry key="array-size" type="xint" value="47"/>
<entry key="0" type="xstring" value="mf01"/>
<entry key="1" type="xstring" value="mf02"/>
<entry key="2" type="xstring" value="mf03"/>
<entry key="3" type="xstring" value="bm05"/>
<entry key="4" type="xstring" value="bm06"/>
<entry key="5" type="xstring" value="bm07"/>
<entry key="6" type="xstring" value="bm08"/>
<entry key="7" type="xstring" value="bm09"/>
<entry key="8" type="xstring" value="bm10"/>
<entry key="9" type="xstring" value="pp01"/>
<entry key="10" type="xstring" value="pp02"/>
<entry key="11" type="xstring" value="pp03"/>
<entry key="12" type="xstring" value="pp04"/>
<entry key="13" type="xstring" value="pp05"/>
<entry key="14" type="xstring" value="pp06"/>
<entry key="15" type="xstring" value="pp07"/>
<entry key="16" type="xstring" value="pp08"/>
<entry key="17" type="xstring" value="pp09"/>
<entry key="18" type="xstring" value="pp10"/>
<entry key="19" type="xstring" value="pp11"/>
<entry key="20" type="xstring" value="pp12"/>
<entry key="21" type="xstring" value="pp13"/>
<entry key="22" type="xstring" value="pp14"/>
<entry key="23" type="xstring" value="pp15"/>
<entry key="24" type="xstring" value="pp16"/>
<entry key="25" type="xstring" value="pp17"/>
<entry key="26" type="xstring" value="pp18"/>
<entry key="27" type="xstring" value="pp19"/>
<entry key="28" type="xstring" value="pp20"/>
<entry key="29" type="xstring" value="pp21"/>
<entry key="30" type="xstring" value="pp31"/>
<entry key="31" type="xstring" value="pp32"/>
<entry key="32" type="xstring" value="pp33"/>
<entry key="33" type="xstring" value="pp34"/>
<entry key="34" type="xstring" value="pp35"/>
<entry key="35" type="xstring" value="pp36"/>
<entry key="36" type="xstring" value="pc01"/>
<entry key="37" type="xstring" value="pc02"/>
<entry key="38" type="xstring" value="pc03"/>
<entry key="39" type="xstring" value="pc04"/>
<entry key="40" type="xstring" value="pc05"/>
<entry key="41" type="xstring" value="pc06"/>
<entry key="42" type="xstring" value="pc19"/>
<entry key="43" type="xstring" value="pc20"/>
<entry key="44" type="xstring" value="pc21"/>
<entry key="45" type="xstring" value="pc22"/>
<entry key="46" type="xstring" value="pc23"/>
</config>
<config key="target">
<entry key="array-size" type="xint" value="0"/>
</config>
</config>
