<?xml version="1.0" encoding="UTF-8"?>
<config xmlns="http://www.knime.org/2008/09/XMLConfig" xmlns:xsi="http://www.w3.org/2001/XMLSchema-instance" xsi:schemaLocation="http://www.knime.org/2008/09/XMLConfig http://www.knime.org/XMLConfig_2008_09.xsd" key="MiningSchema">
<config key="learning">
<entry key="array-size" type="xint" value="12"/>
<entry key="0" type="xstring" value="min"/>
<entry key="1" type="xstring" value="hour"/>
<entry key="2" type="xstring" value="sec"/>
<entry key="3" type="xstring" value="Standard deviation(mf01)"/>
<entry key="4" type="xstring" value="month"/>
<entry key="5" type="xstring" value="Standard deviation(mf02)"/>
<entry key="6" type="xstring" value="Mean(mf03)"/>
<entry key="7" type="xstring" value="year"/>
<entry key="8" type="xstring" value="day"/>
<entry key="9" type="xstring" value="Mean(mf01)"/>
<entry key="10" type="xstring" value="Standard deviation(mf03)"/>
<entry key="11" type="xstring" value="Mean(mf02)"/>
</config>
<config key="target">
<entry key="array-size" type="xint" value="1"/>
<entry key="0" type="xstring" value="Class"/>
</config>
</config>
