<?xml version="1.0" encoding="UTF-8"?>
<config xmlns="http://www.knime.org/2008/09/XMLConfig" xmlns:xsi="http://www.w3.org/2001/XMLSchema-instance" xsi:schemaLocation="http://www.knime.org/2008/09/XMLConfig http://www.knime.org/XMLConfig_2008_09.xsd" key="model.xml">
<entry key="version" type="xint" value="1"/>
<entry key="class_name" type="xstring" value="org.knime.base.data.normalize.NormalizerPortObject"/>
<config key="model">
<config key="columns">
<config key="SUM(mf01)">
<entry key="column_name" type="xstring" value="SUM(mf01)"/>
<entry key="column_scale" type="xdouble" value="6.106400362475926E-7"/>
<entry key="column_translate" type="xdouble" value="-0.02470832778668634"/>
<entry key="column_min" type="xdouble" value="0.0"/>
<entry key="column_max" type="xdouble" value="1.0"/>
</config>
<config key="SUM(mf02)">
<entry key="column_name" type="xstring" value="SUM(mf02)"/>
<entry key="column_scale" type="xdouble" value="5.606477948881255E-7"/>
<entry key="column_translate" type="xdouble" value="-0.024656168723589982"/>
<entry key="column_min" type="xdouble" value="0.0"/>
<entry key="column_max" type="xdouble" value="1.0"/>
</config>
<config key="SUM(mf03)">
<entry key="column_name" type="xstring" value="SUM(mf03)"/>
<entry key="column_scale" type="xdouble" value="1.0727472843402497E-6"/>
<entry key="column_translate" type="xdouble" value="-0.026992467168569362"/>
<entry key="column_min" type="xdouble" value="0.0"/>
<entry key="column_max" type="xdouble" value="1.0"/>
</config>
<config key="AVG(pc13)">
<entry key="column_name" type="xstring" value="AVG(pc13)"/>
<entry key="column_scale" type="xdouble" value="4.0848455091004234E-5"/>
<entry key="column_translate" type="xdouble" value="-0.0027752440388828276"/>
<entry key="column_min" type="xdouble" value="0.0"/>
<entry key="column_max" type="xdouble" value="1.0"/>
</config>
<config key="AVG(pc14)">
<entry key="column_name" type="xstring" value="AVG(pc14)"/>
<entry key="column_scale" type="xdouble" value="4.069778799382696E-5"/>
<entry key="column_translate" type="xdouble" value="-0.0069878101985400886"/>
<entry key="column_min" type="xdouble" value="0.0"/>
<entry key="column_max" type="xdouble" value="1.0"/>
</config>
</config>
<entry key="summary" type="xstring" value="Min/Max (0.0, 1) normalization on 5 column(s)"/>
</config>
</config>
